oHwUD9b9_pg	Zynga Founder: Consumer Is Not Investible Right Now - Thats Why You Should Build It	Y Combinator	40:42
7eh9C3TUotc	The hidden pattern behind successful products | Mark Pincus (FarmVille, Words with Friends, & more)	Lenny's Podcast	1:39:23
rBM6lGk4-fk	Exact Formula Used To Build A $130 Billion Company! I Said No to $3B From Mark Zuckerberg!	The Diary Of A CEO	2:29:52
Sr6n-9mzYnk	Evan Spiegel, Snapchat: Building a Multi-Billion Dollar Company	David Senra	1:58:25
0IYBJXS-1t8	He Turned Down $3B at 23. How Evan Spiegel Thinks Now.	Tiger Sisters	1:13:06
_uWmiVRDLoE	SNAP CEO EVAN SPIEGEL: How I Took a College Idea & Became the World's Youngest Billionaire	Great Company with Jamie Laing	51:41
-jXM4NymIcA	How to Build Habit-Forming Products - Nir Eyal	Startup Grind	22:51
JqxzLUE6pP8	How To Build The Next Billion Dollar Startup | Forbes	Forbes	16:39
Ft45pH3fYok	How to Build Products People Can’t Quit (Product Psychology Playbook)	Think School	1:09:19
rDdoUbCFn24	No.1 Habit & Procrastination Expert: We've Got ADHD Wrong! Break Any Habit & Never Be Distracted!	The Diary Of A CEO	1:41:07
VBLkaW9Eb7Y	Nir Eyal reveals the hidden truth behind billion-dollar apps | Tetr Podcast Ep2	Tetr College of Business	1:11:29
bhnfZhJWCWY	How to consistently go viral: Nikita Bier’s playbook for winning at consumer apps	Lenny's Podcast	1:38:21
4zvNy_CCK7s	Julien Martin - Why Amo's Design Hits Different	Dive Club 🤿	57:59
JH6cKtvWad0	TBPN | Brian Chesky on AI Consumer Startups, Fitness, and the Future of Airbnb	TBPN Interviews	23:32
eURcW5_uS60	How Brian Chesky Is Redesigning Airbnb for the AI Era	Invest Like The Best	1:23:28
-7Yol5vX5xw	How to win when software is not a moat | Evan Spiegel (Snapchat CEO)	Lenny's Podcast	1:10:25
we9mNqAW_5I	The State of Consumer Tech in the Age of AI	a16z	43:23
p4-7x6QiYr0	Where does consumer AI stand at the end of 2025?	a16z	43:15
q8d9uuO1Cf4	Value Props: Create a Product People Will Actually Buy	Harvard Innovation Labs	1:27:29
_FBivfgOvuE	How to Get Your First 10 Customers	Y Combinator	13:46
3pvpNKUPbIY	Kevin Systrom: Instagram | Lex Fridman Podcast #243	Lex Fridman	2:44:38
bglIiiGj8Bs	The INSANE Story of Instagram | How Kevin Systrom & Mike Krieger Built A BILLION DOLLAR Company.	James Jani	15:43
GHyH31hzeOA	143 Investors Said No. Now WHOOP Is Worth $10 Billion	CNBC International	12:04
Y9FzqYpR6iE	Building & Scaling Brilliant Companies - Kevin Systrom (Instagram) & Samir Kaul (Khosla Ventures)	Startup Grind	29:41
5x912QLs5uY	Kevin Systrom — Tactics, Books, and the Path to a Billion Users  | The Tim Ferriss Show	Tim Ferriss	1:22:57
giaL_SPUt7c	Career Advice for 22-Year-Olds from the Founders of Instagram	20VC with Harry Stebbings	2:11
ey15v81pwII	From Brush to Canvas with Alex Zhu of Musical.ly	TechCrunch	20:14
P6FORpg0KVo	How to Make Learning as Addictive as Social Media | Duolingo's Luis Von Ahn | TED	TED	12:54
ADggr7xZaFI	Duolingo’s battle for learning in an AI world (CEO Luis von Ahn) | Rapid Response	Rapid Response	30:54
CcnwFJqEnxU	How David Lieb Turned a Failing Startup Into Google Photos | Backstory	Y Combinator	19:33
aDQ4P4acw10	David Lieb: How I Founded Google Photos & Bump; Why I Left Google | 20VC #927	20VC with Harry Stebbings	1:08:51
GUjt0iRJ3eo	FOUNDER | Melanie Perkins - Canva	Founder Films	44:27
-LywX3T5Scc	She turned 100+ rejections into a $42B company | Melanie Perkins	Lenny's Podcast	1:06:10
EbiGblxQmIE	Canva's Story: From Idea to Startup to World Leader with Melanie Perkins | SXSW Sydney 2024 Keynote	SXSW Sydney	56:35
QIRLeqKxy8c	Canva CEO Melanie Perkins on growing an idea into a multibillion-dollar design company	Goldman Sachs	28:30
nyc0UiuUfPo	Canva Co-Founder: AI Is Useless Without This 1 Skill	NEW ECONOMIES	57:29
MDUWwTNDqlQ	How Canva leveraged unconventional growth levers to grow to $42B | Cameron Adams (Co-founder & CPO)	First Round Capital	1:04:26
qYnVDIgZxlI	The Company Apple Couldn't Kill | Spotify Co-CEO Gustav Söderström	David Senra	1:14:00
G5nwgaWFtl4	A Conversation With Spotify's New Co-CEO	SXSW	53:10
v-9Mpe7NhkM	Gustav Soderstrom: Spotify | Lex Fridman Podcast #29	Lex Fridman	1:47:04
T9ikpoF2GH0	Gustaf Alstromer - How to Get Users and Grow	Y Combinator	1:04:14
lJausFj_Dto	The Two Mindsets That Can KILL Your Startup	Y Combinator	24:36
5-sXHy2ZzLE	Le patron de BeReal - Alexis Barreyat, l’homme qui a voulu rendre les réseaux sociaux plus vrais	OdyNous	5:18
w_35cUaU_NA	Spotify Founder: How A 23 Year Old Introvert Built A $31 Billion Business!	The Diary Of A CEO	1:26:33
rtTKF29zCxY	Inside Spotify: CEO Daniel Ek on AI, Free Speech & the Future of Music | NYNext	NYNext by New York Post	27:37
yZIDW9mT_HU	We interviewed the CEO of Spotify	Colin and Samir	57:21
xFQ5mIJdxhA	Legendary Consumer VC Predicts The Future Of AI Products	Y Combinator	35:47
WyJV6VwEGA8	Figma’s CEO: Why AI makes design, craft, and quality the new moat for startups | Dylan Field	Lenny's Podcast	1:26:49
l5dFuyyOY7A	B2Secrets with Antoine Martin, CEO at Zenly	Startupfood	1:17:24
